iter	Logloss
0	0.6851945801
1	0.6778327637
2	0.6705844116
3	0.6631522217
4	0.6562005005
5	0.6496675415
6	0.6432872314
7	0.635963562
8	0.629404541
9	0.6226651611
10	0.6165344849
11	0.6091450195
12	0.6034793701
13	0.5977022095
14	0.5924943848
15	0.5871608276
16	0.5820514526
17	0.5762987061
18	0.5708868408
19	0.5654185791
